<application>
  <component name="GeneralSettings">
    <option name="confirmOpenNewProject2" value="0" />
    <option name="searchInBackground" value="true" />
    <option name="showTipsOnStartup" value="false" />
  </component>
  <component name="Registry">
    <entry key="SBT.system.in.process" value="true" />
    <entry key="BSP.system.in.process" value="true" />
    <entry key="ide.tree.ui.experimental" value="false" />
    <entry key="ide.mac.allowDarkWindowDecorations" value="true" />
    <entry key="ide.balloon.shadow.size" value="0" />
    <entry key="ide.intellij.laf.enable.animation" value="true" />
  </component>
</application>