<keymap version="1" name="Windows copy" parent="$default">
  <action id="DSM.ZoomIn">
    <keyboard-shortcut first-keystroke="ctrl add" />
  </action>
  <action id="ExpandAll">
    <keyboard-shortcut first-keystroke="ctrl add" />
  </action>
  <action id="ExpandExpandableComponent">
    <keyboard-shortcut first-keystroke="shift enter" />
    <keyboard-shortcut first-keystroke="ctrl add" />
  </action>
  <action id="ExpandRegion">
    <keyboard-shortcut first-keystroke="ctrl add" />
  </action>
  <action id="ExternalSystem.ExpandAll">
    <keyboard-shortcut first-keystroke="ctrl add" />
  </action>
  <action id="FileStructurePopup">
    <keyboard-shortcut first-keystroke="ctrl f12" />
    <keyboard-shortcut first-keystroke="ctrl equals" />
  </action>
  <action id="Images.Editor.ZoomIn">
    <keyboard-shortcut first-keystroke="ctrl add" />
  </action>
  <action id="Maven.ExpandAll">
    <keyboard-shortcut first-keystroke="ctrl add" />
  </action>
  <action id="Terminal.SwitchFocusToEditor" />
</keymap>